# OrchestrionRowId,BgmRowId
# Credit to the Orchestrion plugin for the id map.
1,271
2,6
3,25
4,44
5,277
6,66
7,250
8,252
9,118
10,282
11,291
12,4
13,103
14,86
15,89
16,196
17,14
19,367
20,235
21,217
22,17
23,185
24,304
25,361
26,197
27,36
28,150
29,162
30,545
31,155
32,156
33,312
34,366
35,180
36,181
37,212
38,218
39,247
40,20110
41,241
42,154
43,199
44,236
45,132
46,313
47,67
48,45
49,26
50,7
51,275
52,298
53,273
54,279
55,288
56,285
57,46
58,27
59,8
60,214
61,789
62,233
63,309
64,303
65,308
66,386
67,216
68,203
69,204
70,179
71,384
72,201
73,365
74,129
75,77
76,71
77,70
78,72
79,272
80,174
81,408
82,175
83,176
85,189
86,340
87,276
88,278
89,5
90,184
91,292
92,577
93,98
94,297
95,147
96,108
97,392
98,409
99,410
100,401
101,301
102,243
103,405
104,230
105,231
106,221
107,402
108,323
109,324
110,327
111,369
112,411
113,413
114,319
115,325
116,359
117,188
118,364
119,183
120,51
121,110
122,211
123,343
124,385
125,76
126,151
127,97
128,84
129,91
130,305
131,421
132,420
133,153
134,311
135,326
136,310
137,325
138,417
139,198
140,356
141,726
142,347
143,348
144,393
145,394
146,422
147,423
148,380
149,226
155,345
156,407
157,466
158,467
159,289
160,286
161,439
162,448
163,454
164,229
172,461
173,460
174,433
175,436
176,442
177,445
178,451
179,498
180,472
181,473
182,478
183,215
184,468
185,469
186,506
187,507
188,508
189,512
190,514
191,547
192,312
193,516
198,464
199,519
200,87
201,428
202,500
203,437
204,449
205,452
206,455
207,518
208,524
209,525
210,526
211,527
212,477
213,476
214,470
215,521
216,523
217,406
218,710
219,400
220,520
224,465
225,489
226,457
227,368
228,474
229,551
230,280
231,540
232,553
233,554
234,556
235,558
236,559
237,561
238,548
239,549
240,541
241,543
242,755
243,907
244,231
245,580
246,432
247,346
248,245
249,209
250,584
251,583
252,582
254,102
255,482
256,20293
257,530
258,531
259,532
260,533
261,585
262,244
263,586
264,160
265,479
266,574
267,576
268,635
269,639
270,222
271,641
272,8
273,147
274,309
275,589
277,543
278,469
279,725
280,231
281,282
282,726
283,434
284,440
285,443
286,446
287,430
288,20272
289,633
290,634
291,499
292,618
293,620
294,622
295,624
296,625
297,626
298,628
299,605
300,606
301,607
302,611
303,613
304,614
305,469
306,881
307,663
308,665
309,667
310,669
311,671
312,673
313,683
314,684
315,761
316,646
317,687
318,688
319,689
320,690
321,691
322,692
323,693
324,694
325,475
326,208
327,697
328,698
329,677
330,695
331,659
332,661
333,717
334,660
335,662
336,664
337,666
338,668
339,670
340,672
341,674
342,711
343,686
344,727
345,719
346,729
347,722
348,718
349,274
350,732
351,733
352,819
353,736
354,737
355,738
356,739
357,740
359,469
360,630
361,631
362,696
363,750
364,751
365,752
366,746
368,41
369,127
370,749
371,743
372,741
373,656
374,296
375,141
376,316
377,720
378,590
379,675
380,676
381,699
382,294
383,766
385,760
386,768
387,772
389,773
390,774
391,775
392,776
393,777
394,115
395,123
396,125
397,383
398,315
399,780
400,782
401,783
402,784
403,785
404,786
405,842
406,20209
407,44
408,6
409,25
410,791
411,792
412,793
413,794
414,795
415,796
416,798
417,799
418,800
419,801
420,20105
421,38
422,573
423,647
424,650
425,716
426,54
427,254
428,747
429,283
430,37
431,53
432,362
433,309
434,278
435,282
436,253
437,807
438,808
439,810
440,767
441,322
442,101
443,381
444,648
445,27
446,8
447,935
448,20208
449,646
450,752
451,683
452,20205
453,402
454,683
455,761
456,717
457,695
458,413
459,204
460,957
461,683
462,582
463,809
464,816
465,817
467,820
468,821
469,159
470,736
471,824
472,825
473,826
474,827
475,874
476,875
477,876
478,877
479,878
480,879
481,880
482,870
483,871
485,885
486,886
487,845
488,850
489,851
490,853
491,855
492,857
493,858
494,862
495,865
496,882
497,883
498,896
499,830
500,471
501,302
502,35
503,905
504,312
505,446
506,911
507,872
508,873
509,899
510,912
511,913
512,914
513,915
514,906
515,846
516,847
517,848
518,849
519,852
520,854
521,856
522,840
523,859
524,864
525,908
526,909
527,910
528,300
529,299
530,246
531,251
532,191
533,449
534,304
535,437
536,930
537,933
538,934
539,936
540,937
541,938
542,939
543,940
544,931
545,932
546,929
547,62
548,63
549,64
550,65
551,73
552,75
553,74
554,255
555,329
556,306
557,148
558,149
559,42
560,43
561,253
562,861
563,886
565,949
566,948
567,952
568,953
569,958
570,959
571,960
573,593
574,122
575,124
576,126
577,128
578,234
579,387
580,102
581,538
582,869
583,16
584,170
585,88
586,96
587,3
588,768
589,830
590,904
591,965
592,966
593,968
594,969
595,970
596,971
597,974
598,975
599,976
600,977
601,978
602,967
603,435
604,78
605,80
606,82
607,83
608,85
609,114
610,117
611,93
612,112
613,205
614,987
615,761
616,870
617,871
618,861
619,872
620,308
621,954
622,467
623,25
624,956
625,988
626,768
627,940
628,938
629,915
630,977
631,830
632,20211
633,20170
634,851
635,960
636,20001
637,20002
638,20003
639,20004
640,20005
641,960
642,915
643,989
644,903
645,992
646,993
647,994
648,990
649,991
650,39
651,113
652,20006
653,20007
654,20008
655,20009
656,20010
657,20012
658,20076
659,20077
660,20078
661,20079
662,20080
663,20081
664,20082
665,20083
666,20072
667,20073
668,20089
669,20090
670,20091
671,20092
672,20093
673,20045
674,20047
675,20048
676,20050
677,20052
678,20054
679,20056
680,20058
681,20062
682,20063
683,20064
684,20065
685,20084
686,20085
687,20023
688,20025
691,830
692,896
693,20108
694,20046
695,20049
696,20051
697,20053
698,20055
699,20057
700,20059
701,20071
702,20074
703,20075
704,20094
705,20099
706,759
707,884
708,20106
709,20124
710,20129
711,20114
712,20115
713,20116
714,20117
715,20118
716,20119
717,20120
718,20121
719,20122
720,20123
722,20107
723,105
724,20030
725,20090
726,20092
728,20157
729,20152
730,20158
732,20163
733,20165
734,20166
735,20164
736,20169
737,20171
738,20173
739,20153
740,20141
741,20147
742,20148
743,20149
744,20150
745,860
746,861
747,522
748,581
749,20027
750,20035
751,20199
752,20201
753,20219
754,20220
755,20221
756,20222
757,20223
758,20224
759,20225
760,20125
761,20126
762,20127
763,20128
764,20130
767,20028
768,20034
769,20190
770,20203
771,20204
772,20206
773,20207
774,671
775,695
776,20215
777,20174
778,20180
779,20185
780,20182
781,20183
782,20186
786,619
788,20228
789,156
790,204
791,366
792,706
793,723
794,20048
795,861
796,960
797,20090
798,179
799,752
800,768
801,366
802,977
803,846
804,20233
805,20234
806,20235
807,20236
808,20237
809,116
810,206
811,207
812,20238
813,20239
814,20240
815,20241
816,20242
817,20088
818,20139
819,20031
820,20033
821,20195
822,20196
823,20197
824,20198
825,20216
826,20217
827,20218
828,20249
829,20245
830,20246
831,761
832,20141
833,20263
834,20264
835,337
836,20266
837,20267
838,20268
839,20269
840,20270
841,20271
842,20273
843,20274
844,20275
845,20276
846,20277
847,20278
848,20279
849,20280
850,20131
851,20132
852,334
854,335
855,336
856,20299
857,20300
858,20301
859,20029
860,20032
861,20288
862,20294
863,20112
864,20284
866,241
868,20254
869,20255
870,20260
874,470
875,445
876,646
877,20048
878,20092
879,20025
881,20090
882,801
883,20152
884,20238
885,20239
886,20240
887,20025
889,20025
891,20310
